{
  "version": 1,
  "author": "Anonymous maker",
  "editor": "wokwi",
  "parts": [
    { "type": "wokwi-arduino-uno", "id": "uno", "top": 19.8, "left": -67.8, "attrs": {} },
    {
      "type": "wokwi-led",
      "id": "led1",
      "top": -90,
      "left": 32.6,
      "attrs": { "color": "magenta" }
    },
    { "type": "wokwi-led", "id": "led2", "top": -90, "left": 99.8, "attrs": { "color": "cyan" } }
  ],
  "connections": [
    [ "uno:8", "led1:A", "green", [ "v0" ] ],
    [ "led2:A", "uno:7", "green", [ "v0" ] ],
    [ "led2:C", "uno:GND.3", "green", [ "v0" ] ],
    [ "led1:C", "uno:GND.2", "green", [ "v0" ] ]
  ],
  "dependencies": {}
}